Datetime,Solar Generation (MWh)
5/18/2021 12 a.m. PDT,3
5/18/2021 1 a.m. PDT,3
5/18/2021 2 a.m. PDT,3
5/18/2021 3 a.m. PDT,-6
5/18/2021 4 a.m. PDT,-7
5/18/2021 5 a.m. PDT,2
5/18/2021 6 a.m. PDT,300
5/18/2021 7 a.m. PDT,4577
5/18/2021 8 a.m. PDT,9562
5/18/2021 9 a.m. PDT,11193
5/18/2021 10 a.m. PDT,11791
5/18/2021 11 a.m. PDT,12692
5/18/2021 12 p.m. PDT,12936
5/18/2021 1 p.m. PDT,13450
5/18/2021 2 p.m. PDT,13651
5/18/2021 3 p.m. PDT,13694
5/18/2021 4 p.m. PDT,13041
5/18/2021 5 p.m. PDT,11391
5/18/2021 6 p.m. PDT,8222
5/18/2021 7 p.m. PDT,2259
5/18/2021 8 p.m. PDT,1824
5/18/2021 9 p.m. PDT,3
5/18/2021 10 p.m. PDT,2
5/18/2021 11 p.m. PDT,2
5/19/2021 12 a.m. PDT,2
5/19/2021 1 a.m. PDT,2
5/19/2021 2 a.m. PDT,2
5/19/2021 3 a.m. PDT,-6
5/19/2021 4 a.m. PDT,3
5/19/2021 5 a.m. PDT,2
5/19/2021 6 a.m. PDT,355
5/19/2021 7 a.m. PDT,4943
5/19/2021 8 a.m. PDT,10167
5/19/2021 9 a.m. PDT,12196
5/19/2021 10 a.m. PDT,12840
5/19/2021 11 a.m. PDT,13880
5/19/2021 12 p.m. PDT,14041
5/19/2021 1 p.m. PDT,13986
5/19/2021 2 p.m. PDT,13771
5/19/2021 3 p.m. PDT,13470
5/19/2021 4 p.m. PDT,12809
5/19/2021 5 p.m. PDT,11533
5/19/2021 6 p.m. PDT,8101
5/19/2021 7 p.m. PDT,2238
5/19/2021 8 p.m. PDT,1748
5/19/2021 9 p.m. PDT,4
5/19/2021 10 p.m. PDT,3
5/19/2021 11 p.m. PDT,3
5/20/2021 12 a.m. PDT,3
5/20/2021 1 a.m. PDT,3
5/20/2021 2 a.m. PDT,4
5/20/2021 3 a.m. PDT,4
5/20/2021 4 a.m. PDT,3
5/20/2021 5 a.m. PDT,3
5/20/2021 6 a.m. PDT,410
5/20/2021 7 a.m. PDT,5288
5/20/2021 8 a.m. PDT,9980
5/20/2021 9 a.m. PDT,12142
5/20/2021 10 a.m. PDT,12796
5/20/2021 11 a.m. PDT,12956
5/20/2021 12 p.m. PDT,12459
5/20/2021 1 p.m. PDT,12976
5/20/2021 2 p.m. PDT,12975
5/20/2021 3 p.m. PDT,11282
5/20/2021 4 p.m. PDT,9535
5/20/2021 5 p.m. PDT,8620
5/20/2021 6 p.m. PDT,6424
5/20/2021 7 p.m. PDT,2055
5/20/2021 8 p.m. PDT,1647
5/20/2021 9 p.m. PDT,29
5/20/2021 10 p.m. PDT,26
5/20/2021 11 p.m. PDT,26
5/21/2021 12 a.m. PDT,26
5/21/2021 1 a.m. PDT,26
5/21/2021 2 a.m. PDT,26
5/21/2021 3 a.m. PDT,26
5/21/2021 4 a.m. PDT,24
5/21/2021 5 a.m. PDT,24
5/21/2021 6 a.m. PDT,410
5/21/2021 7 a.m. PDT,5002
5/21/2021 8 a.m. PDT,9561
5/21/2021 9 a.m. PDT,11124
5/21/2021 10 a.m. PDT,11914
5/21/2021 11 a.m. PDT,10896
5/21/2021 12 p.m. PDT,11434
5/21/2021 1 p.m. PDT,10429
5/21/2021 2 p.m. PDT,10316
5/21/2021 3 p.m. PDT,10196
5/21/2021 4 p.m. PDT,10192
5/21/2021 5 p.m. PDT,8439
5/21/2021 6 p.m. PDT,7076
5/21/2021 7 p.m. PDT,1935
5/21/2021 8 p.m. PDT,1542
5/21/2021 9 p.m. PDT,24
5/21/2021 10 p.m. PDT,24
5/21/2021 11 p.m. PDT,24
5/22/2021 12 a.m. PDT,24
5/22/2021 1 a.m. PDT,24
5/22/2021 2 a.m. PDT,24
5/22/2021 3 a.m. PDT,24
5/22/2021 4 a.m. PDT,24
5/22/2021 5 a.m. PDT,23
5/22/2021 6 a.m. PDT,408
5/22/2021 7 a.m. PDT,5313
5/22/2021 8 a.m. PDT,8721
5/22/2021 9 a.m. PDT,9768
5/22/2021 10 a.m. PDT,9548
5/22/2021 11 a.m. PDT,9413
5/22/2021 12 p.m. PDT,9261
5/22/2021 1 p.m. PDT,9139
5/22/2021 2 p.m. PDT,9608
5/22/2021 3 p.m. PDT,9020
5/22/2021 4 p.m. PDT,8597
5/22/2021 5 p.m. PDT,7543
5/22/2021 6 p.m. PDT,7141
5/22/2021 7 p.m. PDT,2331
5/22/2021 8 p.m. PDT,1845
5/22/2021 9 p.m. PDT,26
5/22/2021 10 p.m. PDT,25
5/22/2021 11 p.m. PDT,25
5/23/2021 12 a.m. PDT,25
5/23/2021 1 a.m. PDT,25
5/23/2021 2 a.m. PDT,25
5/23/2021 3 a.m. PDT,25
5/23/2021 4 a.m. PDT,23
5/23/2021 5 a.m. PDT,23
5/23/2021 6 a.m. PDT,522
5/23/2021 7 a.m. PDT,5596
5/23/2021 8 a.m. PDT,7508
5/23/2021 9 a.m. PDT,8626
5/23/2021 10 a.m. PDT,8543
5/23/2021 11 a.m. PDT,8813
5/23/2021 12 p.m. PDT,8978
5/23/2021 1 p.m. PDT,9163
5/23/2021 2 p.m. PDT,9140
5/23/2021 3 p.m. PDT,9537
5/23/2021 4 p.m. PDT,9089
5/23/2021 5 p.m. PDT,8445
5/23/2021 6 p.m. PDT,7458
5/23/2021 7 p.m. PDT,2689
5/23/2021 8 p.m. PDT,96
5/23/2021 9 p.m. PDT,23
5/23/2021 10 p.m. PDT,24
5/23/2021 11 p.m. PDT,24
5/24/2021 12 a.m. PDT,24
5/24/2021 1 a.m. PDT,24
5/24/2021 2 a.m. PDT,24
5/24/2021 3 a.m. PDT,24
5/24/2021 4 a.m. PDT,24
5/24/2021 5 a.m. PDT,24
5/24/2021 6 a.m. PDT,534
5/24/2021 7 a.m. PDT,5723
5/24/2021 8 a.m. PDT,10326
5/24/2021 9 a.m. PDT,11653
5/24/2021 10 a.m. PDT,11743
5/24/2021 11 a.m. PDT,12519
5/24/2021 12 p.m. PDT,13095
5/24/2021 1 p.m. PDT,13756
5/24/2021 2 p.m. PDT,13668
5/24/2021 3 p.m. PDT,13623
5/24/2021 4 p.m. PDT,12879
5/24/2021 5 p.m. PDT,11868
5/24/2021 6 p.m. PDT,8695
5/24/2021 7 p.m. PDT,2719
5/24/2021 8 p.m. PDT,92
5/24/2021 9 p.m. PDT,18
5/24/2021 10 p.m. PDT,21
5/24/2021 11 p.m. PDT,20
5/25/2021 12 a.m. PDT,21
5/25/2021 1 a.m. PDT,400
5/25/2021 2 a.m. PDT,364
5/25/2021 3 a.m. PDT,345
5/25/2021 4 a.m. PDT,319
5/25/2021 5 a.m. PDT,319
5/25/2021 6 a.m. PDT,890
5/25/2021 7 a.m. PDT,6066
5/25/2021 8 a.m. PDT,9778
5/25/2021 9 a.m. PDT,11356
5/25/2021 10 a.m. PDT,12366
5/25/2021 11 a.m. PDT,13248
5/25/2021 12 p.m. PDT,13469
5/25/2021 1 p.m. PDT,14439
5/25/2021 2 p.m. PDT,12122
5/25/2021 3 p.m. PDT,12849
5/25/2021 4 p.m. PDT,11325
5/25/2021 5 p.m. PDT,9624
5/25/2021 6 p.m. PDT,6126
5/25/2021 7 p.m. PDT,2467
5/25/2021 8 p.m. PDT,720
5/25/2021 9 p.m. PDT,621
5/25/2021 10 p.m. PDT,582
5/25/2021 11 p.m. PDT,530
5/26/2021 12 a.m. PDT,476
5/26/2021 1 a.m. PDT,20
5/26/2021 2 a.m. PDT,20
5/26/2021 3 a.m. PDT,20
5/26/2021 4 a.m. PDT,18
5/26/2021 5 a.m. PDT,16
5/26/2021 6 a.m. PDT,204
5/26/2021 7 a.m. PDT,2927
5/26/2021 8 a.m. PDT,7705
5/26/2021 9 a.m. PDT,11005
5/26/2021 10 a.m. PDT,12210
5/26/2021 11 a.m. PDT,12713
5/26/2021 12 p.m. PDT,13104
5/26/2021 1 p.m. PDT,13104
5/26/2021 2 p.m. PDT,12991
5/26/2021 3 p.m. PDT,12911
5/26/2021 4 p.m. PDT,12413
5/26/2021 5 p.m. PDT,11579
5/26/2021 6 p.m. PDT,8917
5/26/2021 7 p.m. PDT,2846
5/26/2021 8 p.m. PDT,2378
5/26/2021 9 p.m. PDT,15
5/26/2021 10 p.m. PDT,18
5/26/2021 11 p.m. PDT,19
5/27/2021 12 a.m. PDT,19
5/27/2021 1 a.m. PDT,19
5/27/2021 2 a.m. PDT,20
5/27/2021 3 a.m. PDT,18
5/27/2021 4 a.m. PDT,18
5/27/2021 5 a.m. PDT,16
5/27/2021 6 a.m. PDT,602
5/27/2021 7 a.m. PDT,5766
5/27/2021 8 a.m. PDT,10687
5/27/2021 9 a.m. PDT,12592
5/27/2021 10 a.m. PDT,13562
5/27/2021 11 a.m. PDT,14068
5/27/2021 12 p.m. PDT,14201
5/27/2021 1 p.m. PDT,14213
5/27/2021 2 p.m. PDT,14118
5/27/2021 3 p.m. PDT,13829
5/27/2021 4 p.m. PDT,13082
5/27/2021 5 p.m. PDT,11985
5/27/2021 6 p.m. PDT,8959
5/27/2021 7 p.m. PDT,2812
5/27/2021 8 p.m. PDT,102
5/27/2021 9 p.m. PDT,17
5/27/2021 10 p.m. PDT,19
5/27/2021 11 p.m. PDT,19
5/28/2021 12 a.m. PDT,19
5/28/2021 1 a.m. PDT,21
5/28/2021 2 a.m. PDT,19
5/28/2021 3 a.m. PDT,19
5/28/2021 4 a.m. PDT,17
5/28/2021 5 a.m. PDT,16
5/28/2021 6 a.m. PDT,583
5/28/2021 7 a.m. PDT,5431
5/28/2021 8 a.m. PDT,10045
5/28/2021 9 a.m. PDT,11781
5/28/2021 10 a.m. PDT,12498
5/28/2021 11 a.m. PDT,13071
5/28/2021 12 p.m. PDT,13185
5/28/2021 1 p.m. PDT,13190
5/28/2021 2 p.m. PDT,12941
5/28/2021 3 p.m. PDT,12634
5/28/2021 4 p.m. PDT,11932
5/28/2021 5 p.m. PDT,10082
5/28/2021 6 p.m. PDT,8353
5/28/2021 7 p.m. PDT,2676
5/28/2021 8 p.m. PDT,94
5/28/2021 9 p.m. PDT,15
5/28/2021 10 p.m. PDT,18
5/28/2021 11 p.m. PDT,19
5/29/2021 12 a.m. PDT,19
5/29/2021 1 a.m. PDT,19
5/29/2021 2 a.m. PDT,19
5/29/2021 3 a.m. PDT,15
5/29/2021 4 a.m. PDT,16
5/29/2021 5 a.m. PDT,17
5/29/2021 6 a.m. PDT,488
5/29/2021 7 a.m. PDT,4794
5/29/2021 8 a.m. PDT,9382
5/29/2021 9 a.m. PDT,11434
5/29/2021 10 a.m. PDT,12419
5/29/2021 11 a.m. PDT,13096
5/29/2021 12 p.m. PDT,13446
5/29/2021 1 p.m. PDT,13678
5/29/2021 2 p.m. PDT,13646
5/29/2021 3 p.m. PDT,13495
5/29/2021 4 p.m. PDT,12965
5/29/2021 5 p.m. PDT,11637
5/29/2021 6 p.m. PDT,8511
5/29/2021 7 p.m. PDT,2807
5/29/2021 8 p.m. PDT,110
5/29/2021 9 p.m. PDT,15
5/29/2021 10 p.m. PDT,19
5/29/2021 11 p.m. PDT,17
5/30/2021 12 a.m. PDT,18
5/30/2021 1 a.m. PDT,1162
5/30/2021 2 a.m. PDT,17
5/30/2021 3 a.m. PDT,16
5/30/2021 4 a.m. PDT,16
5/30/2021 5 a.m. PDT,16
5/30/2021 6 a.m. PDT,596
5/30/2021 7 a.m. PDT,5546
5/30/2021 8 a.m. PDT,10334
5/30/2021 9 a.m. PDT,12361
5/30/2021 10 a.m. PDT,13023
5/30/2021 11 a.m. PDT,13711
5/30/2021 12 p.m. PDT,13763
5/30/2021 1 p.m. PDT,13956
5/30/2021 2 p.m. PDT,13833
5/30/2021 3 p.m. PDT,13395
5/30/2021 4 p.m. PDT,12163
5/30/2021 5 p.m. PDT,11137
5/30/2021 6 p.m. PDT,7942
5/30/2021 7 p.m. PDT,2537
5/30/2021 8 p.m. PDT,148
5/30/2021 9 p.m. PDT,32
5/30/2021 10 p.m. PDT,35
5/30/2021 11 p.m. PDT,35
5/31/2021 12 a.m. PDT,35
5/31/2021 1 a.m. PDT,35
5/31/2021 2 a.m. PDT,18
5/31/2021 3 a.m. PDT,17
5/31/2021 4 a.m. PDT,16
5/31/2021 5 a.m. PDT,14
5/31/2021 6 a.m. PDT,606
5/31/2021 7 a.m. PDT,5495
5/31/2021 8 a.m. PDT,10338
5/31/2021 9 a.m. PDT,12392
5/31/2021 10 a.m. PDT,13263
5/31/2021 11 a.m. PDT,13539
5/31/2021 12 p.m. PDT,13598
5/31/2021 1 p.m. PDT,13918
5/31/2021 2 p.m. PDT,13505
5/31/2021 3 p.m. PDT,12747
5/31/2021 4 p.m. PDT,11269
5/31/2021 5 p.m. PDT,9912
5/31/2021 6 p.m. PDT,6958
5/31/2021 7 p.m. PDT,2441
5/31/2021 8 p.m. PDT,77
5/31/2021 9 p.m. PDT,14
5/31/2021 10 p.m. PDT,17
5/31/2021 11 p.m. PDT,18
6/1/2021 12 a.m. PDT,18
6/1/2021 1 a.m. PDT,17
6/1/2021 2 a.m. PDT,17
6/1/2021 3 a.m. PDT,16
6/1/2021 4 a.m. PDT,16
6/1/2021 5 a.m. PDT,15
6/1/2021 6 a.m. PDT,583
6/1/2021 7 a.m. PDT,5531
6/1/2021 8 a.m. PDT,10283
6/1/2021 9 a.m. PDT,12209
6/1/2021 10 a.m. PDT,13084
6/1/2021 11 a.m. PDT,13751
6/1/2021 12 p.m. PDT,13663
6/1/2021 1 p.m. PDT,13860
6/1/2021 2 p.m. PDT,13557
6/1/2021 3 p.m. PDT,12113
6/1/2021 4 p.m. PDT,11998
6/1/2021 5 p.m. PDT,10365
6/1/2021 6 p.m. PDT,6894
6/1/2021 7 p.m. PDT,2068
6/1/2021 8 p.m. PDT,150
6/1/2021 9 p.m. PDT,17
6/1/2021 10 p.m. PDT,17
6/1/2021 11 p.m. PDT,19
6/2/2021 12 a.m. PDT,19
6/2/2021 1 a.m. PDT,18
6/2/2021 2 a.m. PDT,18
6/2/2021 3 a.m. PDT,17
6/2/2021 4 a.m. PDT,17
6/2/2021 5 a.m. PDT,14
6/2/2021 6 a.m. PDT,522
6/2/2021 7 a.m. PDT,5341
6/2/2021 8 a.m. PDT,10104
6/2/2021 9 a.m. PDT,11779
6/2/2021 10 a.m. PDT,13018
6/2/2021 11 a.m. PDT,13504
6/2/2021 12 p.m. PDT,13623
6/2/2021 1 p.m. PDT,13714
6/2/2021 2 p.m. PDT,13278
6/2/2021 3 p.m. PDT,12865
6/2/2021 4 p.m. PDT,11784
6/2/2021 5 p.m. PDT,11358
6/2/2021 6 p.m. PDT,8475
6/2/2021 7 p.m. PDT,2942
6/2/2021 8 p.m. PDT,164
6/2/2021 9 p.m. PDT,76
6/2/2021 10 p.m. PDT,24
6/2/2021 11 p.m. PDT,24
6/3/2021 12 a.m. PDT,24
6/3/2021 1 a.m. PDT,24
6/3/2021 2 a.m. PDT,24
6/3/2021 3 a.m. PDT,24
6/3/2021 4 a.m. PDT,24
6/3/2021 5 a.m. PDT,23
6/3/2021 6 a.m. PDT,503
6/3/2021 7 a.m. PDT,5323
6/3/2021 8 a.m. PDT,9989
6/3/2021 9 a.m. PDT,11837
6/3/2021 10 a.m. PDT,12776
6/3/2021 11 a.m. PDT,13297
6/3/2021 12 p.m. PDT,13529
6/3/2021 1 p.m. PDT,13300
6/3/2021 2 p.m. PDT,12892
6/3/2021 3 p.m. PDT,13171
6/3/2021 4 p.m. PDT,12457
6/3/2021 5 p.m. PDT,11221
6/3/2021 6 p.m. PDT,8482
6/3/2021 7 p.m. PDT,3033
6/3/2021 8 p.m. PDT,136
6/3/2021 9 p.m. PDT,39
6/3/2021 10 p.m. PDT,42
6/3/2021 11 p.m. PDT,44
6/4/2021 12 a.m. PDT,44
6/4/2021 1 a.m. PDT,44
6/4/2021 2 a.m. PDT,44
6/4/2021 3 a.m. PDT,44
6/4/2021 4 a.m. PDT,24
6/4/2021 5 a.m. PDT,23
6/4/2021 6 a.m. PDT,478
6/4/2021 7 a.m. PDT,5255
6/4/2021 8 a.m. PDT,9918
6/4/2021 9 a.m. PDT,12033
6/4/2021 10 a.m. PDT,12924
6/4/2021 11 a.m. PDT,13376
6/4/2021 12 p.m. PDT,13639
6/4/2021 1 p.m. PDT,13707
6/4/2021 2 p.m. PDT,13664
6/4/2021 3 p.m. PDT,13349
6/4/2021 4 p.m. PDT,12563
6/4/2021 5 p.m. PDT,11428
6/4/2021 6 p.m. PDT,8696
6/4/2021 7 p.m. PDT,3177
6/4/2021 8 p.m. PDT,150
6/4/2021 9 p.m. PDT,52
6/4/2021 10 p.m. PDT,41
6/4/2021 11 p.m. PDT,43
6/5/2021 12 a.m. PDT,43
6/5/2021 1 a.m. PDT,43
6/5/2021 2 a.m. PDT,43
6/5/2021 3 a.m. PDT,23
6/5/2021 4 a.m. PDT,23
6/5/2021 5 a.m. PDT,23
6/5/2021 6 a.m. PDT,592
6/5/2021 7 a.m. PDT,5441
6/5/2021 8 a.m. PDT,9515
6/5/2021 9 a.m. PDT,10650
6/5/2021 10 a.m. PDT,12058
6/5/2021 11 a.m. PDT,13341
6/5/2021 12 p.m. PDT,13611
6/5/2021 1 p.m. PDT,13564
6/5/2021 2 p.m. PDT,13619
6/5/2021 3 p.m. PDT,13244
6/5/2021 4 p.m. PDT,12680
6/5/2021 5 p.m. PDT,11272
6/5/2021 6 p.m. PDT,8498
6/5/2021 7 p.m. PDT,3013
6/5/2021 8 p.m. PDT,170
6/5/2021 9 p.m. PDT,39
6/5/2021 10 p.m. PDT,39
6/5/2021 11 p.m. PDT,26
6/6/2021 12 a.m. PDT,26
6/6/2021 1 a.m. PDT,26
6/6/2021 2 a.m. PDT,26
6/6/2021 3 a.m. PDT,26
6/6/2021 4 a.m. PDT,25
6/6/2021 5 a.m. PDT,24
6/6/2021 6 a.m. PDT,638
6/6/2021 7 a.m. PDT,5641
6/6/2021 8 a.m. PDT,10094
6/6/2021 9 a.m. PDT,11803
6/6/2021 10 a.m. PDT,12731
6/6/2021 11 a.m. PDT,13622
6/6/2021 12 p.m. PDT,13609
6/6/2021 1 p.m. PDT,13945
6/6/2021 2 p.m. PDT,13908
6/6/2021 3 p.m. PDT,13228
6/6/2021 4 p.m. PDT,12799
6/6/2021 5 p.m. PDT,11692
6/6/2021 6 p.m. PDT,8922
6/6/2021 7 p.m. PDT,3283
6/6/2021 8 p.m. PDT,131
6/6/2021 9 p.m. PDT,26
6/6/2021 10 p.m. PDT,26
6/6/2021 11 p.m. PDT,26
6/7/2021 12 a.m. PDT,26
6/7/2021 1 a.m. PDT,26
6/7/2021 2 a.m. PDT,26
6/7/2021 3 a.m. PDT,26
6/7/2021 4 a.m. PDT,26
6/7/2021 5 a.m. PDT,24
6/7/2021 6 a.m. PDT,466
6/7/2021 7 a.m. PDT,2932
6/7/2021 8 a.m. PDT,6357
6/7/2021 9 a.m. PDT,9165
6/7/2021 10 a.m. PDT,8339
6/7/2021 11 a.m. PDT,9267
6/7/2021 12 p.m. PDT,10199
6/7/2021 1 p.m. PDT,11201
6/7/2021 2 p.m. PDT,11790
6/7/2021 3 p.m. PDT,11744
6/7/2021 4 p.m. PDT,11723
6/7/2021 5 p.m. PDT,10302
6/7/2021 6 p.m. PDT,8221
6/7/2021 7 p.m. PDT,2974
6/7/2021 8 p.m. PDT,142
6/7/2021 9 p.m. PDT,47
6/7/2021 10 p.m. PDT,26
6/7/2021 11 p.m. PDT,26
6/8/2021 12 a.m. PDT,26
6/8/2021 1 a.m. PDT,26
6/8/2021 2 a.m. PDT,26
6/8/2021 3 a.m. PDT,26
6/8/2021 4 a.m. PDT,26
6/8/2021 5 a.m. PDT,23
6/8/2021 6 a.m. PDT,697
6/8/2021 7 a.m. PDT,5522
6/8/2021 8 a.m. PDT,9594
6/8/2021 9 a.m. PDT,11279
6/8/2021 10 a.m. PDT,12281
6/8/2021 11 a.m. PDT,12846
6/8/2021 12 p.m. PDT,13176
6/8/2021 1 p.m. PDT,13316
6/8/2021 2 p.m. PDT,13006
6/8/2021 3 p.m. PDT,12674
6/8/2021 4 p.m. PDT,12305
6/8/2021 5 p.m. PDT,10990
6/8/2021 6 p.m. PDT,8472
6/8/2021 7 p.m. PDT,3173
6/8/2021 8 p.m. PDT,201
6/8/2021 9 p.m. PDT,83
6/8/2021 10 p.m. PDT,25
6/8/2021 11 p.m. PDT,25
6/9/2021 12 a.m. PDT,25
6/9/2021 1 a.m. PDT,25
6/9/2021 2 a.m. PDT,25
6/9/2021 3 a.m. PDT,25
6/9/2021 4 a.m. PDT,25
6/9/2021 5 a.m. PDT,24
6/9/2021 6 a.m. PDT,546
6/9/2021 7 a.m. PDT,4041
6/9/2021 8 a.m. PDT,7671
6/9/2021 9 a.m. PDT,10054
6/9/2021 10 a.m. PDT,11536
6/9/2021 11 a.m. PDT,12482
6/9/2021 12 p.m. PDT,13091
6/9/2021 1 p.m. PDT,12813
6/9/2021 2 p.m. PDT,12623
6/9/2021 3 p.m. PDT,12024
6/9/2021 4 p.m. PDT,11165
6/9/2021 5 p.m. PDT,10168
6/9/2021 6 p.m. PDT,7752
6/9/2021 7 p.m. PDT,2898
6/9/2021 8 p.m. PDT,149
6/9/2021 9 p.m. PDT,36
6/9/2021 10 p.m. PDT,24
6/9/2021 11 p.m. PDT,24
6/10/2021 12 a.m. PDT,24
6/10/2021 1 a.m. PDT,24
6/10/2021 2 a.m. PDT,24
6/10/2021 3 a.m. PDT,24
6/10/2021 4 a.m. PDT,24
6/10/2021 5 a.m. PDT,23
6/10/2021 6 a.m. PDT,533
6/10/2021 7 a.m. PDT,5204
6/10/2021 8 a.m. PDT,8967
6/10/2021 9 a.m. PDT,9751
6/10/2021 10 a.m. PDT,10184
6/10/2021 11 a.m. PDT,11111
6/10/2021 12 p.m. PDT,11253
6/10/2021 1 p.m. PDT,12215
6/10/2021 2 p.m. PDT,12855
6/10/2021 3 p.m. PDT,13148
6/10/2021 4 p.m. PDT,12557
6/10/2021 5 p.m. PDT,11629
6/10/2021 6 p.m. PDT,8885
6/10/2021 7 p.m. PDT,3407
6/10/2021 8 p.m. PDT,199
6/10/2021 9 p.m. PDT,77
6/10/2021 10 p.m. PDT,24
6/10/2021 11 p.m. PDT,14
6/11/2021 12 a.m. PDT,14
6/11/2021 1 a.m. PDT,24
6/11/2021 2 a.m. PDT,24
6/11/2021 3 a.m. PDT,24
6/11/2021 4 a.m. PDT,24
6/11/2021 5 a.m. PDT,23
6/11/2021 6 a.m. PDT,713
6/11/2021 7 a.m. PDT,5666
6/11/2021 8 a.m. PDT,10063
6/11/2021 9 a.m. PDT,11697
6/11/2021 10 a.m. PDT,12709
6/11/2021 11 a.m. PDT,13364
6/11/2021 12 p.m. PDT,13661
6/11/2021 1 p.m. PDT,13640
6/11/2021 2 p.m. PDT,13477
6/11/2021 3 p.m. PDT,13427
6/11/2021 4 p.m. PDT,12734
6/11/2021 5 p.m. PDT,11618
6/11/2021 6 p.m. PDT,8961
6/11/2021 7 p.m. PDT,3496
6/11/2021 8 p.m. PDT,184
6/11/2021 9 p.m. PDT,73
6/11/2021 10 p.m. PDT,24
6/11/2021 11 p.m. PDT,14
6/12/2021 12 a.m. PDT,24
6/12/2021 1 a.m. PDT,24
6/12/2021 2 a.m. PDT,24
6/12/2021 3 a.m. PDT,24
6/12/2021 4 a.m. PDT,24
6/12/2021 5 a.m. PDT,24
6/12/2021 6 a.m. PDT,714
6/12/2021 7 a.m. PDT,5749
6/12/2021 8 a.m. PDT,10312
6/12/2021 9 a.m. PDT,12018
6/12/2021 10 a.m. PDT,12982
6/12/2021 11 a.m. PDT,13532
6/12/2021 12 p.m. PDT,13744
6/12/2021 1 p.m. PDT,13757
6/12/2021 2 p.m. PDT,13630
6/12/2021 3 p.m. PDT,13377
6/12/2021 4 p.m. PDT,12664
6/12/2021 5 p.m. PDT,11498
6/12/2021 6 p.m. PDT,8992
6/12/2021 7 p.m. PDT,3546
6/12/2021 8 p.m. PDT,270
6/12/2021 9 p.m. PDT,155
6/12/2021 10 p.m. PDT,24
6/12/2021 11 p.m. PDT,24
6/13/2021 12 a.m. PDT,24
6/13/2021 1 a.m. PDT,24
6/13/2021 2 a.m. PDT,24
6/13/2021 3 a.m. PDT,24
6/13/2021 4 a.m. PDT,24
6/13/2021 5 a.m. PDT,23
6/13/2021 6 a.m. PDT,596
6/13/2021 7 a.m. PDT,5304
6/13/2021 8 a.m. PDT,9854
6/13/2021 9 a.m. PDT,11796
6/13/2021 10 a.m. PDT,12921
6/13/2021 11 a.m. PDT,13371
6/13/2021 12 p.m. PDT,13542
6/13/2021 1 p.m. PDT,13540
6/13/2021 2 p.m. PDT,13404
6/13/2021 3 p.m. PDT,13096
6/13/2021 4 p.m. PDT,12458
6/13/2021 5 p.m. PDT,11419
6/13/2021 6 p.m. PDT,9000
6/13/2021 7 p.m. PDT,3848
6/13/2021 8 p.m. PDT,289
6/13/2021 9 p.m. PDT,170
6/13/2021 10 p.m. PDT,25
6/13/2021 11 p.m. PDT,25
6/14/2021 12 a.m. PDT,25
6/14/2021 1 a.m. PDT,25
6/14/2021 2 a.m. PDT,25
6/14/2021 3 a.m. PDT,25
6/14/2021 4 a.m. PDT,25
6/14/2021 5 a.m. PDT,24
6/14/2021 6 a.m. PDT,549
6/14/2021 7 a.m. PDT,5265
6/14/2021 8 a.m. PDT,9662
6/14/2021 9 a.m. PDT,11372
6/14/2021 10 a.m. PDT,12310
6/14/2021 11 a.m. PDT,12113
6/14/2021 12 p.m. PDT,13127
6/14/2021 1 p.m. PDT,12984
6/14/2021 2 p.m. PDT,12592
6/14/2021 3 p.m. PDT,12438
6/14/2021 4 p.m. PDT,11058
6/14/2021 5 p.m. PDT,10103
6/14/2021 6 p.m. PDT,7709
6/14/2021 7 p.m. PDT,3249
6/14/2021 8 p.m. PDT,214
6/14/2021 9 p.m. PDT,71
6/14/2021 10 p.m. PDT,68
6/14/2021 11 p.m. PDT,68
6/15/2021 12 a.m. PDT,25
6/15/2021 1 a.m. PDT,25
6/15/2021 2 a.m. PDT,25
6/15/2021 3 a.m. PDT,25
6/15/2021 4 a.m. PDT,25
6/15/2021 5 a.m. PDT,24
6/15/2021 6 a.m. PDT,313
6/15/2021 7 a.m. PDT,3906
6/15/2021 8 a.m. PDT,8053
6/15/2021 9 a.m. PDT,10582
6/15/2021 10 a.m. PDT,11396
6/15/2021 11 a.m. PDT,12088
6/15/2021 12 p.m. PDT,12351
6/15/2021 1 p.m. PDT,13121
6/15/2021 2 p.m. PDT,12742
6/15/2021 3 p.m. PDT,11976
6/15/2021 4 p.m. PDT,10798
6/15/2021 5 p.m. PDT,7456
6/15/2021 6 p.m. PDT,5690
6/15/2021 7 p.m. PDT,3098
6/15/2021 8 p.m. PDT,757
6/15/2021 9 p.m. PDT,221
6/15/2021 10 p.m. PDT,19
6/15/2021 11 p.m. PDT,20
6/16/2021 12 a.m. PDT,20
6/16/2021 1 a.m. PDT,26
6/16/2021 2 a.m. PDT,26
6/16/2021 3 a.m. PDT,26
6/16/2021 4 a.m. PDT,26
6/16/2021 5 a.m. PDT,24
6/16/2021 6 a.m. PDT,310
6/16/2021 7 a.m. PDT,3019
6/16/2021 8 a.m. PDT,7433
6/16/2021 9 a.m. PDT,9029
6/16/2021 10 a.m. PDT,10962
6/16/2021 11 a.m. PDT,11728
6/16/2021 12 p.m. PDT,12176
6/16/2021 1 p.m. PDT,11804
6/16/2021 2 p.m. PDT,11558
6/16/2021 3 p.m. PDT,11135
6/16/2021 4 p.m. PDT,10018
6/16/2021 5 p.m. PDT,8501
6/16/2021 6 p.m. PDT,6083
6/16/2021 7 p.m. PDT,2208
6/16/2021 8 p.m. PDT,228
6/16/2021 9 p.m. PDT,49
6/16/2021 10 p.m. PDT,49
6/16/2021 11 p.m. PDT,18
6/17/2021 12 a.m. PDT,24
